{
  "accuracy": 0.891933625667418,
  "bets_per_month": 1676.1326984126983,
  "sharpe": 51.18479258216329,
  "profit_factor": 3.6211987262213943,
  "total_return": 0.17658907704853355,
  "max_drawdown": 0.002551515819553277,
  "n_trades": 3469,
  "n_folds": 3
}