{
  "accuracy": 0.8192660550458716,
  "bets_per_month": 526.6603174603175,
  "sharpe": 32.39288569563927,
  "profit_factor": 4.254010446215136,
  "total_return": 0.07756412890585125,
  "max_drawdown": 0.0014370026453046718,
  "n_trades": 1090,
  "n_folds": 3
}