{
  "accuracy": 0.5316287119700598,
  "bets_per_month": 2137.5644444444447,
  "sharpe": -43.41036417123441,
  "profit_factor": 0.44243129282479726,
  "total_return": -0.18741163165962263,
  "max_drawdown": 0.07018512849494547,
  "n_trades": 4424,
  "n_folds": 3
}