{
  "accuracy": 0.5203359572939729,
  "bets_per_month": 2148.194285714286,
  "sharpe": -10.052715692153729,
  "profit_factor": 0.824106434998119,
  "total_return": -0.06299469689853594,
  "max_drawdown": 0.036766494523871936,
  "n_trades": 4446,
  "n_folds": 3
}