{
  "accuracy": 0.7037037037037037,
  "bets_per_month": 13.045714285714288,
  "sharpe": -0.46734631449609343,
  "profit_factor": 0.9754685656000012,
  "total_return": -0.00014028239076451426,
  "max_drawdown": 0.0006786354831365316,
  "n_trades": 27,
  "n_folds": 3
}