{
  "accuracy": 0.875,
  "bets_per_month": 3.865396825396825,
  "sharpe": 4.632782866759119,
  "profit_factor": 4030012.460936153,
  "total_return": 0.00041001868959065184,
  "max_drawdown": 0.0004282976589956888,
  "n_trades": 8,
  "n_folds": 3
}