{
  "accuracy": 0.8894428533485335,
  "bets_per_month": 1178.9460317460318,
  "sharpe": 52.757225701668204,
  "profit_factor": 5.290630994257039,
  "total_return": 0.16556424516984045,
  "max_drawdown": 0.0017312276870323092,
  "n_trades": 2440,
  "n_folds": 3
}