{
  "accuracy": 0.5237733314479638,
  "bets_per_month": 213.56317460317462,
  "sharpe": -0.9150602926260167,
  "profit_factor": 0.9653707950002838,
  "total_return": 0.0003814186157658695,
  "max_drawdown": 0.006889976594290703,
  "n_trades": 442,
  "n_folds": 3
}