{
  "accuracy": 0.9710827168796234,
  "bets_per_month": 718.480634920635,
  "sharpe": 57.76499746810623,
  "profit_factor": 34.39812739186893,
  "total_return": 0.11463278353575443,
  "max_drawdown": 0.0013134751458336764,
  "n_trades": 1487,
  "n_folds": 3
}