{
  "accuracy": 0.8672268907563025,
  "bets_per_month": 862.4666666666667,
  "sharpe": 43.290786765396966,
  "profit_factor": 4.904882559381093,
  "total_return": 0.1165023942330381,
  "max_drawdown": 0.0019401501383330521,
  "n_trades": 1785,
  "n_folds": 3
}