{
  "accuracy": 0.876970156801357,
  "bets_per_month": 1565.9688888888888,
  "sharpe": 47.85345992262924,
  "profit_factor": 3.490751584776845,
  "total_return": 0.1716922663343701,
  "max_drawdown": 0.002014395936805612,
  "n_trades": 3241,
  "n_folds": 3
}