{
  "accuracy": 0.6198630136986302,
  "bets_per_month": 141.08698412698413,
  "sharpe": -3.925113132282025,
  "profit_factor": 0.7500810422248122,
  "total_return": -0.006085754257775443,
  "max_drawdown": 0.004512005558310794,
  "n_trades": 292,
  "n_folds": 3
}