{
  "accuracy": 0.6198630136986302,
  "bets_per_month": 141.08698412698413,
  "sharpe": -6.527661244914608,
  "profit_factor": 0.705139769117678,
  "total_return": -0.007018307384932086,
  "max_drawdown": 0.0055719166507051665,
  "n_trades": 292,
  "n_folds": 3
}