{
  "accuracy": 0.8775510204081632,
  "bets_per_month": 923.3466666666667,
  "sharpe": 44.84562764883486,
  "profit_factor": 4.552625160331311,
  "total_return": 0.1270431242484832,
  "max_drawdown": 0.0012794642657825213,
  "n_trades": 1911,
  "n_folds": 3
}