{
  "accuracy": 0.8937628833978849,
  "bets_per_month": 1500.2571428571428,
  "sharpe": 51.27545717012947,
  "profit_factor": 4.5059627967989515,
  "total_return": 0.16533172623704723,
  "max_drawdown": 0.0038939364510230615,
  "n_trades": 3105,
  "n_folds": 3
}