{
  "accuracy": 0.8477458413268854,
  "bets_per_month": 1909.022857142857,
  "sharpe": 40.8385904346137,
  "profit_factor": 2.507718562727247,
  "total_return": 0.15430887222209333,
  "max_drawdown": 0.0029524521640695188,
  "n_trades": 3951,
  "n_folds": 3
}