{
  "accuracy": 0.9404058092293706,
  "bets_per_month": 1045.1066666666668,
  "sharpe": 57.250910086527206,
  "profit_factor": 14.780979255806926,
  "total_return": 0.14126502934569635,
  "max_drawdown": 0.0029021767923635435,
  "n_trades": 2163,
  "n_folds": 3
}