{
  "accuracy": 0.518403621427745,
  "bets_per_month": 249.31809523809525,
  "sharpe": -11.328503823605324,
  "profit_factor": 0.5664033451576921,
  "total_return": -0.021860616958446374,
  "max_drawdown": 0.01411179986019162,
  "n_trades": 516,
  "n_folds": 3
}