{
  "accuracy": 0.6300940438871473,
  "bets_per_month": 154.13269841269843,
  "sharpe": -2.239547922634953,
  "profit_factor": 0.8446519527641652,
  "total_return": -0.0032348870558462296,
  "max_drawdown": 0.0026979866785944535,
  "n_trades": 319,
  "n_folds": 3
}