{
  "accuracy": 0.9371282922684792,
  "bets_per_month": 1137.3930158730159,
  "sharpe": 57.20116978266858,
  "profit_factor": 9.452139846095045,
  "total_return": 0.1502882084957795,
  "max_drawdown": 0.0030846944499167456,
  "n_trades": 2354,
  "n_folds": 3
}