{
  "accuracy": 0.5447213193692066,
  "bets_per_month": 113.06285714285714,
  "sharpe": -2.343309798068835,
  "profit_factor": 0.8549620987834348,
  "total_return": -0.0035801403512470643,
  "max_drawdown": 0.005484508226445705,
  "n_trades": 234,
  "n_folds": 3
}