{
  "accuracy": 0.8425925925925926,
  "bets_per_month": 469.6457142857143,
  "sharpe": -30.5882258709781,
  "max_drawdown": 0.02294280238829015,
  "total_return": -0.022586434769438894,
  "n_trades": 108,
  "profit_factor": 0.33111701633302504,
  "final_equity": 9774.135652305611,
  "gross_profit": 0.05650888901692408,
  "gross_loss": 0.1706613861456696,
  "n_folds": 1
}