{
  "accuracy": 0.8257899231426131,
  "bets_per_month": 565.7974603174604,
  "sharpe": 37.253447039099086,
  "profit_factor": 5.045489524241861,
  "total_return": 0.09531437898188361,
  "max_drawdown": 0.0009210540027449355,
  "n_trades": 1171,
  "n_folds": 3
}