{
  "accuracy": 0.5798816568047337,
  "bets_per_month": 81.65650793650794,
  "sharpe": -0.26435562122136974,
  "profit_factor": 1.3071585385718894,
  "total_return": -0.0008601323423072247,
  "max_drawdown": 0.004209814971620835,
  "n_trades": 169,
  "n_folds": 3
}