{
  "accuracy": 0.8262548262548263,
  "bets_per_month": 375.4266666666667,
  "sharpe": 30.930689694354182,
  "max_drawdown": 0.0004268220947582702,
  "total_return": 0.0237867997121979,
  "n_trades": 259,
  "profit_factor": 4.792092378358927,
  "final_equity": 10237.867997121979,
  "gross_profit": 0.5942823090380243,
  "gross_loss": 0.12401311611658239,
  "n_folds": 1
}