{
  "accuracy": 0.8954171301446051,
  "bets_per_month": 1233.0615873015875,
  "sharpe": 51.62400656147043,
  "profit_factor": 4.843652043731173,
  "total_return": 0.1710262137320966,
  "max_drawdown": 0.0011111495363961394,
  "n_trades": 2552,
  "n_folds": 3
}