{
  "accuracy": 0.5258960677373994,
  "bets_per_month": 2060.256507936508,
  "sharpe": -46.4605123260539,
  "profit_factor": 0.4060110898918323,
  "total_return": -0.1967124619262573,
  "max_drawdown": 0.07997132511447745,
  "n_trades": 4264,
  "n_folds": 3
}