{
  "accuracy": 0.6814345991561181,
  "bets_per_month": 2061.2228571428573,
  "sharpe": -128.26168326820044,
  "max_drawdown": 0.6243546582673447,
  "total_return": -0.6243546582673447,
  "n_trades": 474,
  "profit_factor": 0.11358400109500942,
  "final_equity": 3756.4534173265533,
  "gross_profit": 0.12517608162121752,
  "gross_loss": 1.1020573355674739,
  "n_folds": 1
}