{
  "accuracy": 0.6333333333333333,
  "bets_per_month": 72.47619047619047,
  "sharpe": -5.09928652124189,
  "profit_factor": 0.6435306853840165,
  "total_return": -0.004989419313100917,
  "max_drawdown": 0.0028550389305427378,
  "n_trades": 150,
  "n_folds": 3
}