{
  "accuracy": 0.6389252948885976,
  "bets_per_month": 105.33206349206348,
  "sharpe": -1.4899181539431217,
  "profit_factor": 0.8965280358874326,
  "total_return": -0.0016776328797624956,
  "max_drawdown": 0.0027589632020230802,
  "n_trades": 218,
  "n_folds": 3
}