{
  "accuracy": 0.8420038535645472,
  "bets_per_month": 250.76761904761906,
  "sharpe": 28.23713628503775,
  "profit_factor": 7.073024850832636,
  "total_return": 0.04814250937206943,
  "max_drawdown": 0.0005941005432485112,
  "n_trades": 519,
  "n_folds": 3
}