{
  "accuracy": 0.7706422018348624,
  "bets_per_month": 473.99428571428575,
  "sharpe": -28.56859272092786,
  "max_drawdown": 0.024944853286673604,
  "total_return": -0.02406424234157439,
  "n_trades": 109,
  "profit_factor": 0.36407764103382845,
  "final_equity": 9759.357576584256,
  "gross_profit": 0.0696731219262563,
  "gross_loss": 0.19136885663180514,
  "n_folds": 1
}