{
  "accuracy": 0.7647058823529411,
  "bets_per_month": 147.85142857142858,
  "sharpe": -22.594466387148728,
  "max_drawdown": 0.011049742685732895,
  "total_return": -0.010768996437151509,
  "n_trades": 34,
  "profit_factor": 0.20653860907323265,
  "final_equity": 9892.310035628485,
  "gross_profit": 0.014084003962510083,
  "gross_loss": 0.06819065938834923,
  "n_folds": 1
}