{
  "accuracy": 0.8812160923780497,
  "bets_per_month": 1614.286349206349,
  "sharpe": 48.54851413671776,
  "profit_factor": 3.7033029827985544,
  "total_return": 0.16347050593371915,
  "max_drawdown": 0.004564356385518743,
  "n_trades": 3341,
  "n_folds": 3
}