{
  "accuracy": 0.9644792293798916,
  "bets_per_month": 802.5530158730159,
  "sharpe": 58.16297809293497,
  "profit_factor": 28.187712651896366,
  "total_return": 0.12245385759530855,
  "max_drawdown": 0.0016430845370725498,
  "n_trades": 1661,
  "n_folds": 3
}