{
  "accuracy": 0.6611842105263158,
  "bets_per_month": 1541.2786666666668,
  "sharpe": -89.27506537314801,
  "max_drawdown": 0.46612570513122226,
  "total_return": -0.46586442676486767,
  "n_trades": 1519,
  "profit_factor": 0.15483550335034094,
  "final_equity": 5341.355732351323,
  "gross_profit": 0.5740965316976168,
  "gross_loss": 3.7077835461492628,
  "n_folds": 1
}