{
  "accuracy": 0.8892664967431323,
  "bets_per_month": 1706.0895238095238,
  "sharpe": 50.1797276200758,
  "profit_factor": 3.4871124351209986,
  "total_return": 0.17716211209454685,
  "max_drawdown": 0.002577697765278434,
  "n_trades": 3531,
  "n_folds": 3
}