{
  "accuracy": 0.914132514479025,
  "bets_per_month": 1203.5879365079365,
  "sharpe": 55.527878128967224,
  "profit_factor": 5.961131871965172,
  "total_return": 0.17343392628028906,
  "max_drawdown": 0.0018502107443450684,
  "n_trades": 2491,
  "n_folds": 3
}