{
  "accuracy": 0.8885675611689261,
  "bets_per_month": 1664.536507936508,
  "sharpe": 50.93740826596015,
  "profit_factor": 3.6011299152074123,
  "total_return": 0.17723340803855991,
  "max_drawdown": 0.0023209262974594456,
  "n_trades": 3445,
  "n_folds": 3
}