{
  "accuracy": 0.6168582375478927,
  "bets_per_month": 126.10857142857144,
  "sharpe": -7.3832970512816045,
  "profit_factor": 0.5512251228429862,
  "total_return": -0.01089672193701972,
  "max_drawdown": 0.0059677228154009195,
  "n_trades": 261,
  "n_folds": 3
}