{
  "accuracy": 0.45918501761117947,
  "bets_per_month": 358.9987301587301,
  "sharpe": -3.32854559062225,
  "profit_factor": 0.8761202871013049,
  "total_return": -0.012124211117459526,
  "max_drawdown": 0.012788622376990251,
  "n_trades": 743,
  "n_folds": 3
}