{
  "accuracy": 0.6019417475728155,
  "bets_per_month": 99.53396825396827,
  "sharpe": 1.8189499527094632,
  "profit_factor": 1.3270480676137446,
  "total_return": 0.00034353810743050417,
  "max_drawdown": 0.004013183515165898,
  "n_trades": 206,
  "n_folds": 3
}