{
  "accuracy": 0.8910482921083628,
  "bets_per_month": 1640.8609523809525,
  "sharpe": 50.85579035935151,
  "profit_factor": 3.6673718392275116,
  "total_return": 0.17599374302753276,
  "max_drawdown": 0.002448670517648074,
  "n_trades": 3396,
  "n_folds": 3
}