{
  "accuracy": 0.912940379403794,
  "bets_per_month": 2567.3965714285714,
  "sharpe": -84.83968613327363,
  "max_drawdown": 0.9995229751981304,
  "total_return": -0.9995229751981304,
  "n_trades": 5904,
  "profit_factor": 0.27895062053937436,
  "final_equity": 4.77024801869581,
  "gross_profit": 2.948942433705125,
  "gross_loss": 10.571557173722011
}