{
  "accuracy": 0.5859999724734024,
  "bets_per_month": 288.9384126984127,
  "sharpe": -11.844026114255065,
  "profit_factor": 0.5476006131767107,
  "total_return": -0.023147595760748846,
  "max_drawdown": 0.010978902312751159,
  "n_trades": 598,
  "n_folds": 3
}