{
  "accuracy": 0.89975855786087,
  "bets_per_month": 1194.4076190476192,
  "sharpe": 51.42607929652436,
  "profit_factor": 4.945189677245356,
  "total_return": 0.16892483985215312,
  "max_drawdown": 0.0008802645176896817,
  "n_trades": 2472,
  "n_folds": 3
}