{
  "accuracy": 0.8851313736158756,
  "bets_per_month": 1698.8419047619047,
  "sharpe": 50.30465375675133,
  "profit_factor": 3.43478012949449,
  "total_return": 0.17481055955710362,
  "max_drawdown": 0.0022571026775400358,
  "n_trades": 3516,
  "n_folds": 3
}