{
  "accuracy": 0.9183880799187267,
  "bets_per_month": 2567.8314285714287,
  "sharpe": -84.00332285764827,
  "max_drawdown": 0.9994565153203865,
  "total_return": -0.9994565153203865,
  "n_trades": 5905,
  "profit_factor": 0.2828413454833512,
  "final_equity": 5.43484679613566,
  "gross_profit": 2.955032178806563,
  "gross_loss": 10.447666955226742
}