{
  "accuracy": 0.8197916666666667,
  "bets_per_month": 463.847619047619,
  "sharpe": 32.19747347503406,
  "profit_factor": 5.151372959104973,
  "total_return": 0.07401983411739602,
  "max_drawdown": 0.0005941005432483046,
  "n_trades": 960,
  "n_folds": 3
}