{
  "accuracy": 0.8843687434661116,
  "bets_per_month": 1721.0679365079366,
  "sharpe": 50.49730034060837,
  "profit_factor": 3.4241218858099227,
  "total_return": 0.17643675957854993,
  "max_drawdown": 0.0022677059428902464,
  "n_trades": 3562,
  "n_folds": 3
}