{
  "accuracy": 0.6420454545454546,
  "bets_per_month": 85.03873015873016,
  "sharpe": 4.43322729153643,
  "profit_factor": 1.5704798412847651,
  "total_return": 0.004544469142580783,
  "max_drawdown": 0.0018247758903481475,
  "n_trades": 176,
  "n_folds": 3
}