{
  "accuracy": 0.9053061010028224,
  "bets_per_month": 1356.7542857142855,
  "sharpe": 53.365376059495304,
  "profit_factor": 4.677714089389077,
  "total_return": 0.1710962859092695,
  "max_drawdown": 0.0021856934991888463,
  "n_trades": 2808,
  "n_folds": 3
}