{
  "accuracy": 0.8805970149253731,
  "bets_per_month": 291.3542857142857,
  "sharpe": 30.66615523378195,
  "max_drawdown": 0.0002401200628084427,
  "total_return": 0.004223519649587979,
  "n_trades": 67,
  "profit_factor": 5.265443765470857,
  "final_equity": 10042.23519649588,
  "gross_profit": 0.10406672010201246,
  "gross_loss": 0.0197640928686591,
  "n_folds": 1
}