{
  "accuracy": 0.530611559426486,
  "bets_per_month": 2168.0044444444443,
  "sharpe": -9.948869581189216,
  "profit_factor": 0.827852539129207,
  "total_return": -0.06203199693670776,
  "max_drawdown": 0.02894031836681479,
  "n_trades": 4487,
  "n_folds": 3
}