{
  "accuracy": 0.5548128342245989,
  "bets_per_month": 21.25968253968254,
  "sharpe": 0.6932413982613834,
  "profit_factor": 1.3235633435831418,
  "total_return": 0.00015332409823004133,
  "max_drawdown": 0.0022352508115308953,
  "n_trades": 44,
  "n_folds": 3
}