{
  "accuracy": 0.8395061728395061,
  "bets_per_month": 352.23428571428576,
  "sharpe": -22.373489114267063,
  "max_drawdown": 0.0035632570946405396,
  "total_return": -0.0035632570946405396,
  "n_trades": 81,
  "profit_factor": 0.3885305281042636,
  "final_equity": 9964.367429053595,
  "gross_profit": 0.04535451729112716,
  "gross_loss": 0.11673347130165035,
  "n_folds": 1
}