{
  "accuracy": 0.8822209758833427,
  "bets_per_month": 1723.000634920635,
  "sharpe": 49.64842021680574,
  "profit_factor": 3.391675108033926,
  "total_return": 0.17692987058029047,
  "max_drawdown": 0.0021720855559051937,
  "n_trades": 3566,
  "n_folds": 3
}