{
  "accuracy": 0.9869192242114238,
  "bets_per_month": 749.5947314578005,
  "sharpe": 47.29714384168649,
  "max_drawdown": 0.012852992713272473,
  "total_return": 1.4994204235517383e+19,
  "n_trades": 19257,
  "profit_factor": 18.05798586566196,
  "final_equity": 1.4994204235517384e+23,
  "gross_profit": 46.97313499363968,
  "gross_loss": 2.601238883521076
}