{
  "accuracy": 0.7799065420560748,
  "bets_per_month": 1033.9936507936509,
  "sharpe": 29.32355458396456,
  "profit_factor": 2.3526631266152584,
  "total_return": 0.09118790159732834,
  "max_drawdown": 0.0021852567722636237,
  "n_trades": 2140,
  "n_folds": 3
}