{
  "accuracy": 0.6185567010309279,
  "bets_per_month": 140.60380952380953,
  "sharpe": -1.9849341240467944,
  "profit_factor": 0.868865173530822,
  "total_return": -0.003195102538088577,
  "max_drawdown": 0.003669947647982841,
  "n_trades": 291,
  "n_folds": 3
}