{
  "accuracy": 0.9027466476340827,
  "bets_per_month": 1231.6120634920635,
  "sharpe": 53.554273311571585,
  "profit_factor": 5.12384515983534,
  "total_return": 0.17543508617316528,
  "max_drawdown": 0.0010997478812037602,
  "n_trades": 2549,
  "n_folds": 3
}