{
  "accuracy": 0.8273381294964028,
  "bets_per_month": 604.4514285714286,
  "sharpe": -33.209218520383565,
  "max_drawdown": 0.13751456232352066,
  "total_return": -0.13751456232352066,
  "n_trades": 139,
  "profit_factor": 0.3488992490823473,
  "final_equity": 8624.854376764793,
  "gross_profit": 0.07898953487892069,
  "gross_loss": 0.22639640254825433,
  "n_folds": 1
}