{
  "accuracy": 0.593607305936073,
  "bets_per_month": 105.8152380952381,
  "sharpe": 0.4622794955232992,
  "profit_factor": 1.1702934331119266,
  "total_return": 0.0007741339265390705,
  "max_drawdown": 0.004271365724380061,
  "n_trades": 219,
  "n_folds": 3
}