{
  "accuracy": 0.8780216726868575,
  "bets_per_month": 1738.9453968253968,
  "sharpe": 47.89113726087515,
  "profit_factor": 3.1937596736560656,
  "total_return": 0.17221809569408433,
  "max_drawdown": 0.002321427755239069,
  "n_trades": 3599,
  "n_folds": 3
}