{
  "accuracy": 0.926083158863607,
  "bets_per_month": 1136.9098412698413,
  "sharpe": 54.58252447602498,
  "profit_factor": 20.11481026489126,
  "total_return": 0.14281535672598183,
  "max_drawdown": 0.0018742904114735857,
  "n_trades": 2353,
  "n_folds": 3
}