{
  "accuracy": 0.8394793926247288,
  "bets_per_month": 334.1152380952381,
  "sharpe": 32.62567006805904,
  "profit_factor": 5.91201523870537,
  "total_return": 0.041992828364130944,
  "max_drawdown": 0.00042682209475832097,
  "n_trades": 461,
  "n_folds": 2
}