{
  "accuracy": 0.9071316021584281,
  "bets_per_month": 1164.9339682539683,
  "sharpe": 53.017811840775686,
  "profit_factor": 5.544177605255847,
  "total_return": 0.17128294905150523,
  "max_drawdown": 0.0008911369114547482,
  "n_trades": 2411,
  "n_folds": 3
}