{
  "accuracy": 0.867962254870529,
  "bets_per_month": 1723.0006349206349,
  "sharpe": 46.10162796630914,
  "profit_factor": 3.239278511744537,
  "total_return": 0.16058138051447002,
  "max_drawdown": 0.004868700635042099,
  "n_trades": 3566,
  "n_folds": 3
}