{
  "accuracy": 0.6349206349206349,
  "bets_per_month": 121.76,
  "sharpe": -2.0042783150523324,
  "profit_factor": 0.8405311015832888,
  "total_return": -0.002563327117724111,
  "max_drawdown": 0.0024983383029748233,
  "n_trades": 252,
  "n_folds": 3
}