{
  "accuracy": 0.9410014939039278,
  "bets_per_month": 1153.8209523809526,
  "sharpe": 58.69785485351039,
  "profit_factor": 6.768857888095589,
  "total_return": 0.1610867648604315,
  "max_drawdown": 0.0016928201321724805,
  "n_trades": 2388,
  "n_folds": 3
}