{
  "accuracy": 0.9053109713487072,
  "bets_per_month": 1382.8457142857142,
  "sharpe": 52.34865442827304,
  "profit_factor": 5.258923538503637,
  "total_return": 0.15950374681296745,
  "max_drawdown": 0.003732387157115307,
  "n_trades": 2862,
  "n_folds": 3
}