{
  "accuracy": 0.8235294117647058,
  "bets_per_month": 73.92571428571429,
  "sharpe": -2.397336072321155,
  "max_drawdown": 0.002715555970742664,
  "total_return": -0.0008000003349030522,
  "n_trades": 17,
  "profit_factor": 0.8307694412480234,
  "final_equity": 9991.99999665097,
  "gross_profit": 0.019573438931176135,
  "gross_loss": 0.02356061486649652,
  "n_folds": 1
}