{
  "accuracy": 0.797986577181208,
  "bets_per_month": 1079.8952380952383,
  "sharpe": 42.06260213438393,
  "profit_factor": 3.1492253733736644,
  "total_return": 0.10415815121236319,
  "max_drawdown": 0.0010165096669790435,
  "n_trades": 1490,
  "n_folds": 2
}