{
  "accuracy": 0.9236377590176515,
  "bets_per_month": 1259.1530158730159,
  "sharpe": 55.10854468003554,
  "profit_factor": 7.047283050278111,
  "total_return": 0.15795195294115402,
  "max_drawdown": 0.0031877873873347165,
  "n_trades": 2606,
  "n_folds": 3
}