{
  "accuracy": 0.8234741784037559,
  "bets_per_month": 514.5809523809525,
  "sharpe": 32.98664873653003,
  "profit_factor": 4.170348447033729,
  "total_return": 0.07462414470411695,
  "max_drawdown": 0.000759030693541212,
  "n_trades": 1065,
  "n_folds": 3
}