{
  "accuracy": 0.8881789137380192,
  "bets_per_month": 1663.5701587301585,
  "sharpe": 50.8558771275552,
  "profit_factor": 3.5670189673459753,
  "total_return": 0.1746349859981805,
  "max_drawdown": 0.0022560104836663844,
  "n_trades": 3443,
  "n_folds": 3
}