{
  "name": "momentum_0",
  "horizon": 1,
  "momentum_periods": [
    6,
    24,
    168
  ],
  "volume_period": 24,
  "is_trained": true,
  "mom_weights": [
    0.29876734380445025,
    0.17591509092541555,
    -0.5253174121670199
  ]
}