{
  "accuracy": 0.8069494078383885,
  "bets_per_month": 667.7473015873016,
  "sharpe": 35.347839418540794,
  "profit_factor": 3.907424054185564,
  "total_return": 0.10259911304807774,
  "max_drawdown": 0.001754422757514634,
  "n_trades": 1382,
  "n_folds": 3
}