{
  "accuracy": 0.8968253968253969,
  "bets_per_month": 127.84800000000001,
  "sharpe": 4.323934016861451,
  "max_drawdown": 0.006810570140374323,
  "total_return": 0.010581429670093349,
  "n_trades": 126,
  "profit_factor": 1.3714015419369896,
  "final_equity": 10105.814296700933,
  "gross_profit": 0.19500340373765868,
  "gross_loss": 0.1421927842702383,
  "n_folds": 1
}