{
  "accuracy": 0.8804726232881059,
  "bets_per_month": 1733.6304761904764,
  "sharpe": 48.15350113547029,
  "profit_factor": 3.2181743916729957,
  "total_return": 0.173031608754688,
  "max_drawdown": 0.0025447958356617424,
  "n_trades": 3588,
  "n_folds": 3
}