{
  "accuracy": 0.7536190142256061,
  "bets_per_month": 974.0799999999999,
  "sharpe": 23.173275974264914,
  "profit_factor": 2.649712723012383,
  "total_return": 0.07404763665283098,
  "max_drawdown": 0.006008496610169176,
  "n_trades": 2016,
  "n_folds": 3
}