{
  "accuracy": 0.5241187384044527,
  "bets_per_month": 189.40444444444447,
  "sharpe": -10.283972200347613,
  "profit_factor": 0.5355770957980409,
  "total_return": -0.0162822573228068,
  "max_drawdown": 0.009068974498566383,
  "n_trades": 392,
  "n_folds": 3
}