{
  "accuracy": 0.5449438202247191,
  "bets_per_month": 172.01015873015874,
  "sharpe": -2.693105633881457,
  "profit_factor": 0.8443174496867698,
  "total_return": -0.006743240452785722,
  "max_drawdown": 0.008098294544723815,
  "n_trades": 356,
  "n_folds": 3
}