{
  "accuracy": 0.9035216434336023,
  "bets_per_month": 1317.133968253968,
  "sharpe": 53.59226001005786,
  "profit_factor": 4.693031955771616,
  "total_return": 0.16596271069946122,
  "max_drawdown": 0.0011418000692317535,
  "n_trades": 2726,
  "n_folds": 3
}