{
  "accuracy": 0.6363636363636364,
  "bets_per_month": 111.61333333333334,
  "sharpe": 3.0784489775437205,
  "profit_factor": 1.334336818176028,
  "total_return": 0.004186657252016448,
  "max_drawdown": 0.0022057630470793984,
  "n_trades": 231,
  "n_folds": 3
}