{
  "accuracy": 0.547945205479452,
  "bets_per_month": 141.08698412698413,
  "sharpe": -3.6114291090293222,
  "profit_factor": 0.7729047094899153,
  "total_return": -0.01003732446057511,
  "max_drawdown": 0.006144866147765592,
  "n_trades": 292,
  "n_folds": 3
}