{
  "accuracy": 0.9072615923009624,
  "bets_per_month": 1104.5371428571427,
  "sharpe": 53.858910248432665,
  "profit_factor": 6.858851462718277,
  "total_return": 0.15774096904375784,
  "max_drawdown": 0.0020937890125797116,
  "n_trades": 2286,
  "n_folds": 3
}