{
  "accuracy": 0.887460725506998,
  "bets_per_month": 1691.5942857142857,
  "sharpe": 50.40905609138076,
  "profit_factor": 3.4765166286639535,
  "total_return": 0.17457132818969512,
  "max_drawdown": 0.0025678318354047844,
  "n_trades": 3501,
  "n_folds": 3
}