{
  "accuracy": 0.9584472389283761,
  "bets_per_month": 883.7263492063493,
  "sharpe": 58.4553281171207,
  "profit_factor": 22.40497665401121,
  "total_return": 0.1293194754713886,
  "max_drawdown": 0.002155234601430701,
  "n_trades": 1829,
  "n_folds": 3
}