{
  "accuracy": 0.8421052631578947,
  "bets_per_month": 38.55733333333333,
  "sharpe": 6.622189062333188,
  "max_drawdown": 0.0021936322161307683,
  "total_return": 0.012294415996669887,
  "n_trades": 38,
  "profit_factor": 2.5058263552807585,
  "final_equity": 10122.944159966699,
  "gross_profit": 0.10184410711454928,
  "gross_loss": 0.04064292270266101,
  "n_folds": 1
}