{
  "accuracy": 0.8281417830290011,
  "bets_per_month": 449.8355555555556,
  "sharpe": 32.77090221262642,
  "profit_factor": 5.6266135140559905,
  "total_return": 0.06940278068396238,
  "max_drawdown": 0.0007819049529966547,
  "n_trades": 931,
  "n_folds": 3
}