{
  "accuracy": 0.5278262949443753,
  "bets_per_month": 2152.542857142857,
  "sharpe": -46.70105615183036,
  "profit_factor": 0.41855602730234803,
  "total_return": -0.19924632306061266,
  "max_drawdown": 0.08363401862211839,
  "n_trades": 4455,
  "n_folds": 3
}