{
  "accuracy": 0.8971993353545221,
  "bets_per_month": 1225.8139682539684,
  "sharpe": 53.07907318648437,
  "profit_factor": 5.173923069217352,
  "total_return": 0.17314766376088592,
  "max_drawdown": 0.001010271481360837,
  "n_trades": 2537,
  "n_folds": 3
}