{
  "accuracy": 0.846571918581304,
  "bets_per_month": 1885.8304761904762,
  "sharpe": 40.26753143237565,
  "profit_factor": 2.7035077435923696,
  "total_return": 0.15400782265489488,
  "max_drawdown": 0.005643777500508087,
  "n_trades": 3903,
  "n_folds": 3
}