{
  "accuracy": 0.9001727245353975,
  "bets_per_month": 1450.9733333333334,
  "sharpe": 52.52344646469106,
  "profit_factor": 4.192355413497437,
  "total_return": 0.1743941234549833,
  "max_drawdown": 0.0019112613361887915,
  "n_trades": 3003,
  "n_folds": 3
}