{
  "accuracy": 0.8795282224094355,
  "bets_per_month": 1720.584761904762,
  "sharpe": 50.11404517456188,
  "profit_factor": 3.415495993456228,
  "total_return": 0.17999640237947698,
  "max_drawdown": 0.002317975305834263,
  "n_trades": 3561,
  "n_folds": 3
}