{
  "accuracy": 0.8308823529411765,
  "bets_per_month": 591.4057142857143,
  "sharpe": -14.56165593141875,
  "max_drawdown": 0.015056855266319325,
  "total_return": -0.012710787625362355,
  "n_trades": 136,
  "profit_factor": 0.6487418462525102,
  "final_equity": 9872.892123746376,
  "gross_profit": 0.11794437754256748,
  "gross_loss": 0.18180479363094104,
  "n_folds": 1
}