{
  "accuracy": 0.866642174871418,
  "bets_per_month": 1315.20126984127,
  "sharpe": 40.59788358205727,
  "profit_factor": 3.1845234937790026,
  "total_return": 0.12730892033487143,
  "max_drawdown": 0.0031145853477176854,
  "n_trades": 2722,
  "n_folds": 3
}