{
  "accuracy": 0.6198630136986302,
  "bets_per_month": 141.08698412698413,
  "sharpe": -7.835019739795513,
  "profit_factor": 0.5529976763267742,
  "total_return": -0.011903918431397504,
  "max_drawdown": 0.006458924183075464,
  "n_trades": 292,
  "n_folds": 3
}