{
  "accuracy": 0.8837480601644452,
  "bets_per_month": 1711.8876190476192,
  "sharpe": 49.49923448903053,
  "profit_factor": 3.3537260622233434,
  "total_return": 0.17309444847382294,
  "max_drawdown": 0.0025104728947566383,
  "n_trades": 3543,
  "n_folds": 3
}