{
  "accuracy": 0.9230769230769231,
  "bets_per_month": 56.53142857142858,
  "sharpe": -4.755892277419631,
  "max_drawdown": 0.0019684947708672037,
  "total_return": -0.0010364296838371956,
  "n_trades": 13,
  "profit_factor": 0.6425353631225368,
  "final_equity": 9989.635703161628,
  "gross_profit": 0.009308516278056622,
  "gross_loss": 0.014487165606833496,
  "n_folds": 1
}