{
  "accuracy": 0.8924152366072565,
  "bets_per_month": 1265.9174603174604,
  "sharpe": 50.53562230938659,
  "profit_factor": 4.744606161498861,
  "total_return": 0.1685766855782911,
  "max_drawdown": 0.0011329284892110853,
  "n_trades": 2620,
  "n_folds": 3
}