{
  "accuracy": 0.506896551724138,
  "bets_per_month": 28.024126984126983,
  "sharpe": -0.4279384724071127,
  "profit_factor": 0.9945271394175275,
  "total_return": 0.0009516253877845883,
  "max_drawdown": 0.003602769610031919,
  "n_trades": 58,
  "n_folds": 3
}