{
  "accuracy": 0.8897164136350616,
  "bets_per_month": 1686.7625396825397,
  "sharpe": 51.038608629433924,
  "profit_factor": 3.613663289569828,
  "total_return": 0.17796296617554527,
  "max_drawdown": 0.0023148660598824936,
  "n_trades": 3491,
  "n_folds": 3
}