{
  "accuracy": 0.7819879187259747,
  "bets_per_month": 879.8609523809523,
  "sharpe": 30.315728915451444,
  "profit_factor": 2.889108270448196,
  "total_return": 0.08718968672078226,
  "max_drawdown": 0.0013199645748802613,
  "n_trades": 1821,
  "n_folds": 3
}