{
  "accuracy": 0.5847229560163782,
  "bets_per_month": 258.9815873015873,
  "sharpe": -11.624827986660236,
  "profit_factor": 0.5293891793337235,
  "total_return": -0.022043130910065156,
  "max_drawdown": 0.009877293285316334,
  "n_trades": 536,
  "n_folds": 3
}