{
  "accuracy": 0.873146739515685,
  "bets_per_month": 970.6977777777778,
  "sharpe": 45.11226668492508,
  "profit_factor": 4.20174335042367,
  "total_return": 0.13142416787911004,
  "max_drawdown": 0.0015657011478698425,
  "n_trades": 2009,
  "n_folds": 3
}