{
  "accuracy": 0.8167935548349435,
  "bets_per_month": 661.4660317460317,
  "sharpe": 34.15181783675239,
  "profit_factor": 3.573196400560598,
  "total_return": 0.08488984954778916,
  "max_drawdown": 0.0007854502472060756,
  "n_trades": 1369,
  "n_folds": 3
}