{
  "accuracy": 0.5638042681918086,
  "bets_per_month": 253.18349206349205,
  "sharpe": -9.064999226056196,
  "profit_factor": 0.637783970601795,
  "total_return": -0.017474238941691145,
  "max_drawdown": 0.012436925868961892,
  "n_trades": 524,
  "n_folds": 3
}