{
  "accuracy": 0.875725900116144,
  "bets_per_month": 1664.0533333333333,
  "sharpe": 47.389902882690386,
  "profit_factor": 3.8997762665786895,
  "total_return": 0.15941699926304553,
  "max_drawdown": 0.006014832848705713,
  "n_trades": 3444,
  "n_folds": 3
}