{
  "accuracy": 0.6185567010309279,
  "bets_per_month": 140.60380952380953,
  "sharpe": -3.9334534889773085,
  "profit_factor": 0.749619667950069,
  "total_return": -0.0060994182653361356,
  "max_drawdown": 0.004525646312276472,
  "n_trades": 291,
  "n_folds": 3
}