{
  "accuracy": 0.5767195767195767,
  "bets_per_month": 91.32000000000001,
  "sharpe": -0.5919288892662086,
  "profit_factor": 1.0911983423234386,
  "total_return": -0.0007580897569465378,
  "max_drawdown": 0.004743983601517816,
  "n_trades": 189,
  "n_folds": 3
}