{
  "accuracy": 0.8831151010151109,
  "bets_per_month": 1719.1352380952378,
  "sharpe": 50.41272749709818,
  "profit_factor": 3.4452489003950504,
  "total_return": 0.17845379017993382,
  "max_drawdown": 0.002205696625830127,
  "n_trades": 3558,
  "n_folds": 3
}