{
  "accuracy": 0.8880292641851182,
  "bets_per_month": 1742.8107936507938,
  "sharpe": 50.53899817113939,
  "profit_factor": 3.5448001975858396,
  "total_return": 0.18835783894192953,
  "max_drawdown": 0.0025594536128791773,
  "n_trades": 3607,
  "n_folds": 3
}