{
  "accuracy": 0.8874961616091835,
  "bets_per_month": 1270.266031746032,
  "sharpe": 51.28003286192605,
  "profit_factor": 4.626564199361534,
  "total_return": 0.17003723161120324,
  "max_drawdown": 0.001210324837388481,
  "n_trades": 2629,
  "n_folds": 3
}