{
  "accuracy": 0.8159576918470198,
  "bets_per_month": 611.2158730158731,
  "sharpe": 34.619404960197805,
  "profit_factor": 3.823569339518731,
  "total_return": 0.10019072951175548,
  "max_drawdown": 0.0010165096669790435,
  "n_trades": 1265,
  "n_folds": 3
}