{
  "accuracy": 0.9507177033492823,
  "bets_per_month": 1009.8349206349208,
  "sharpe": 59.65300197485188,
  "profit_factor": 14.850370584660018,
  "total_return": 0.14220631288050206,
  "max_drawdown": 0.0025789479282472506,
  "n_trades": 2090,
  "n_folds": 3
}