{
  "accuracy": 0.6428571428571429,
  "bets_per_month": 108.23111111111113,
  "sharpe": 3.8008225996034533,
  "profit_factor": 1.397509961703843,
  "total_return": 0.005228850425625569,
  "max_drawdown": 0.0018247758903481475,
  "n_trades": 224,
  "n_folds": 3
}