{
  "accuracy": 0.5471698113207547,
  "bets_per_month": 76.8247619047619,
  "sharpe": -1.8757256637539117,
  "profit_factor": 1.1225784837925197,
  "total_return": -0.003143161360241902,
  "max_drawdown": 0.0052014873125428495,
  "n_trades": 159,
  "n_folds": 3
}