{
  "accuracy": 0.60546875,
  "bets_per_month": 123.69269841269842,
  "sharpe": 0.6439986636689848,
  "profit_factor": 1.1683454511106486,
  "total_return": -1.348486153638067e-05,
  "max_drawdown": 0.004013183515165898,
  "n_trades": 256,
  "n_folds": 3
}