{
  "accuracy": 0.834345186470078,
  "bets_per_month": 557.1003174603175,
  "sharpe": 37.081070103246674,
  "profit_factor": 5.074341700686166,
  "total_return": 0.09392743848207719,
  "max_drawdown": 0.0006602245967648846,
  "n_trades": 1153,
  "n_folds": 3
}