{
  "accuracy": 0.8370118845500849,
  "bets_per_month": 569.1796825396826,
  "sharpe": 38.53788148860832,
  "profit_factor": 5.118714931193959,
  "total_return": 0.0984883565562428,
  "max_drawdown": 0.0006566557855893839,
  "n_trades": 1178,
  "n_folds": 3
}