{
  "accuracy": 0.7882096069868996,
  "bets_per_month": 885.175873015873,
  "sharpe": 31.87420524832328,
  "profit_factor": 2.725308113611368,
  "total_return": 0.09321957732246156,
  "max_drawdown": 0.0021020756312910326,
  "n_trades": 1832,
  "n_folds": 3
}