{
  "accuracy": 0.8113582507539853,
  "bets_per_month": 611.6990476190476,
  "sharpe": 35.70655292996903,
  "profit_factor": 4.181278513089213,
  "total_return": 0.09969552302966277,
  "max_drawdown": 0.0009273375866223404,
  "n_trades": 1266,
  "n_folds": 3
}