{
  "accuracy": 0.7681528662420383,
  "bets_per_month": 1137.8761904761905,
  "sharpe": 26.93612689567279,
  "profit_factor": 2.163662679862107,
  "total_return": 0.09070604553825978,
  "max_drawdown": 0.0037132268755280446,
  "n_trades": 2355,
  "n_folds": 3
}