{
  "accuracy": 0.8320250772930265,
  "bets_per_month": 548.8863492063492,
  "sharpe": 35.99609515705135,
  "profit_factor": 4.364151052222781,
  "total_return": 0.08744909841716744,
  "max_drawdown": 0.0006180526232428114,
  "n_trades": 1136,
  "n_folds": 3
}