{
  "accuracy": 0.889889599070308,
  "bets_per_month": 1663.0869841269841,
  "sharpe": 50.4795924266715,
  "profit_factor": 3.550167851787757,
  "total_return": 0.17531119410060492,
  "max_drawdown": 0.002233396238928919,
  "n_trades": 3442,
  "n_folds": 3
}