{
  "accuracy": 0.8923135633800621,
  "bets_per_month": 1143.191111111111,
  "sharpe": 49.54237695181404,
  "profit_factor": 4.848478353531876,
  "total_return": 0.15960296830071946,
  "max_drawdown": 0.00113620147979746,
  "n_trades": 2366,
  "n_folds": 3
}