{
  "accuracy": 0.5879120879120879,
  "bets_per_month": 87.93777777777778,
  "sharpe": 0.5611291763761549,
  "profit_factor": 1.2085983263459736,
  "total_return": 0.0008448268071786513,
  "max_drawdown": 0.0038874591476150285,
  "n_trades": 182,
  "n_folds": 3
}