{
  "accuracy": 0.9195979899497487,
  "bets_per_month": 1249.9726984126985,
  "sharpe": 53.271471451977185,
  "profit_factor": 5.225279151929809,
  "total_return": 0.1553924969544898,
  "max_drawdown": 0.001044464295568163,
  "n_trades": 2587,
  "n_folds": 3
}