{
  "accuracy": 0.5870967741935483,
  "bets_per_month": 74.89206349206349,
  "sharpe": -1.1962698891989934,
  "profit_factor": 0.9706747486463829,
  "total_return": -0.0012564857441115234,
  "max_drawdown": 0.0036132250848038253,
  "n_trades": 155,
  "n_folds": 3
}