{
  "name": "LSTMTradingModel_mut_9851e6b0",
  "model_class": "LSTMTradingModel",
  "hyperparams": {
    "num_layers": 1,
    "dropout": 0.1733739159464655,
    "signal_threshold": 0.2,
    "horizon": 1,
    "lr": 0.007818940902700416,
    "hidden_dim": 33
  },
  "fitness": 1.0,
  "fitness_details": {
    "train_accuracy": 0.49390243902439024,
    "train_mse": 0.0026912184250899467,
    "validation_metric": 1.0
  },
  "is_evaluated": true
}