{
  "accuracy": 0.8109965635738832,
  "bets_per_month": 421.8114285714285,
  "sharpe": 27.741891888859442,
  "profit_factor": 3.314536313981609,
  "total_return": 0.060381625189414805,
  "max_drawdown": 0.0021245574831471143,
  "n_trades": 873,
  "n_folds": 3
}