{
  "accuracy": 0.812223206377325,
  "bets_per_month": 545.504126984127,
  "sharpe": 32.226596692857356,
  "profit_factor": 4.565135432940669,
  "total_return": 0.07269611751784669,
  "max_drawdown": 0.0008894055343593894,
  "n_trades": 1129,
  "n_folds": 3
}