{
  "accuracy": 0.6267281105990783,
  "bets_per_month": 104.8488888888889,
  "sharpe": 2.8520637833585325,
  "profit_factor": 1.4335422034164986,
  "total_return": 0.0024738778980539795,
  "max_drawdown": 0.003844741857333878,
  "n_trades": 217,
  "n_folds": 3
}