{
  "accuracy": 0.8779099844800827,
  "bets_per_month": 933.9765079365079,
  "sharpe": 46.37273635442435,
  "profit_factor": 4.725827868231707,
  "total_return": 0.1330155885462209,
  "max_drawdown": 0.001980658247682899,
  "n_trades": 1933,
  "n_folds": 3
}