{
  "accuracy": 0.7993265993265993,
  "bets_per_month": 717.5142857142858,
  "sharpe": 31.758928797624673,
  "profit_factor": 3.339250039959652,
  "total_return": 0.08374750825750815,
  "max_drawdown": 0.0019785015509679697,
  "n_trades": 1485,
  "n_folds": 3
}