{
  "accuracy": 0.5368463397507895,
  "bets_per_month": 2057.35746031746,
  "sharpe": -11.009330041558764,
  "profit_factor": 0.8072500715801111,
  "total_return": -0.06746544131983409,
  "max_drawdown": 0.03614721371844146,
  "n_trades": 4258,
  "n_folds": 3
}