{
  "accuracy": 0.8851719452835415,
  "bets_per_month": 1703.673650793651,
  "sharpe": 50.56879423021636,
  "profit_factor": 3.5108305023933024,
  "total_return": 0.17965806310764038,
  "max_drawdown": 0.002403177735008445,
  "n_trades": 3526,
  "n_folds": 3
}