{
  "accuracy": 0.8839262620988795,
  "bets_per_month": 1718.6520634920635,
  "sharpe": 49.34720942448394,
  "profit_factor": 3.3634381271270946,
  "total_return": 0.1744282076465317,
  "max_drawdown": 0.002409341946617168,
  "n_trades": 3557,
  "n_folds": 3
}