{
  "accuracy": 0.5517241379310345,
  "bets_per_month": 126.10857142857144,
  "sharpe": -27.370230465513448,
  "max_drawdown": 0.019884699302148874,
  "total_return": -0.019884699302148874,
  "n_trades": 29,
  "profit_factor": 0.04973587230063388,
  "final_equity": 9801.153006978511,
  "gross_profit": 0.005252408445272527,
  "gross_loss": 0.10560603840524174,
  "n_folds": 1
}