{
  "accuracy": 0.6293103448275862,
  "bets_per_month": 56.04825396825398,
  "sharpe": -5.005805804173423,
  "profit_factor": 0.7048349071594403,
  "total_return": -0.004122366919562228,
  "max_drawdown": 0.0036283786019358183,
  "n_trades": 116,
  "n_folds": 3
}