{
  "accuracy": 0.8174603174603174,
  "bets_per_month": 547.9200000000001,
  "sharpe": -34.43269793330342,
  "max_drawdown": 0.027659649956116118,
  "total_return": -0.02730500273985781,
  "n_trades": 126,
  "profit_factor": 0.321775216407874,
  "final_equity": 9726.949972601422,
  "gross_profit": 0.06563202483660913,
  "gross_loss": 0.2039685515159071,
  "n_folds": 1
}