{
  "accuracy": 0.8875943887952855,
  "bets_per_month": 1697.392380952381,
  "sharpe": 50.23767645922658,
  "profit_factor": 3.469794004677764,
  "total_return": 0.17557627101723702,
  "max_drawdown": 0.0025274216147684707,
  "n_trades": 3513,
  "n_folds": 3
}